<?xml version="1.0" encoding="UTF-8"?>
<project-private xmlns="http://www.netbeans.org/ns/project-private/1">
    <data xmlns="http://www.netbeans.org/ns/make-project-private/1">
        <activeConfTypeElem>1</activeConfTypeElem>
        <activeConfIndexElem>0</activeConfIndexElem>
    </data>
    <editor-bookmarks xmlns="http://www.netbeans.org/ns/editor-bookmarks/2" lastBookmarkId="0"/>
    <open-files xmlns="http://www.netbeans.org/ns/projectui-open-files/2">
        <group>
            <file>file:/Users/ignaciomarinreyes/Google%20Drive/Ingenieria_informatica/3.1/Programacion%203/Otros/Workspace/IteradorCombinacionesC++/main.cpp</file>
            <file>file:/Users/ignaciomarinreyes/Google%20Drive/Ingenieria_informatica/3.1/Programacion%203/Otros/Workspace/IteradorCombinacionesC++/IteradorCombinaciones.cpp</file>
            <file>file:/Users/ignaciomarinreyes/Google%20Drive/Ingenieria_informatica/3.1/Programacion%203/Otros/Workspace/IteradorCombinacionesC++/IteradorCombinaciones.h</file>
        </group>
    </open-files>
</project-private>
