<?xml version="1.0" encoding="UTF-8"?>
<configurationDescriptor version="95">
  <logicalFolder name="root" displayName="root" projectFiles="true" kind="ROOT">
    <logicalFolder name="HeaderFiles"
                   displayName="Header Files"
                   projectFiles="true">
      <itemPath>AddPoly.h</itemPath>
      <itemPath>ParserArgs.h</itemPath>
      <itemPath>ReadFile.h</itemPath>
      <itemPath>SolveEquation.h</itemPath>
      <itemPath>longOptions.h</itemPath>
    </logicalFolder>
    <logicalFolder name="ResourceFiles"
                   displayName="Resource Files"
                   projectFiles="true">
    </logicalFolder>
    <logicalFolder name="SourceFiles"
                   displayName="Source Files"
                   projectFiles="true">
      <itemPath>AddPoly.cpp</itemPath>
      <itemPath>AlgorithmCpp.cpp</itemPath>
      <itemPath>ParserArgs.cpp</itemPath>
      <itemPath>ReadFile.cpp</itemPath>
      <itemPath>SolveEquation.cpp</itemPath>
    </logicalFolder>
    <logicalFolder name="TestFiles"
                   displayName="Test Files"
                   projectFiles="false"
                   kind="TEST_LOGICAL_FOLDER">
    </logicalFolder>
    <logicalFolder name="ExternalFiles"
                   displayName="Important Files"
                   projectFiles="false"
                   kind="IMPORTANT_FILES_FOLDER">
      <itemPath>Makefile</itemPath>
    </logicalFolder>
  </logicalFolder>
  <sourceRootList>
    <Elem>../../program_options-develop/include</Elem>
    <Elem>boost</Elem>
  </sourceRootList>
  <projectmakefile>Makefile</projectmakefile>
  <confs>
    <conf name="Debug" type="1">
      <toolsSet>
        <compilerSet>default</compilerSet>
        <dependencyChecking>true</dependencyChecking>
        <rebuildPropChanged>false</rebuildPropChanged>
      </toolsSet>
      <compileType>
      </compileType>
      <item path="AddPoly.cpp" ex="false" tool="1" flavor2="0">
      </item>
      <item path="AddPoly.h" ex="false" tool="3" flavor2="0">
      </item>
      <item path="AlgorithmCpp.cpp" ex="false" tool="1" flavor2="0">
      </item>
      <item path="ParserArgs.cpp" ex="false" tool="1" flavor2="0">
      </item>
      <item path="ParserArgs.h" ex="false" tool="3" flavor2="0">
      </item>
      <item path="ReadFile.cpp" ex="false" tool="1" flavor2="0">
      </item>
      <item path="ReadFile.h" ex="false" tool="3" flavor2="0">
      </item>
      <item path="SolveEquation.cpp" ex="false" tool="1" flavor2="0">
      </item>
      <item path="SolveEquation.h" ex="false" tool="3" flavor2="0">
      </item>
      <item path="longOptions.h" ex="false" tool="3" flavor2="0">
      </item>
    </conf>
    <conf name="Release" type="1">
      <toolsSet>
        <compilerSet>default</compilerSet>
        <dependencyChecking>true</dependencyChecking>
        <rebuildPropChanged>false</rebuildPropChanged>
      </toolsSet>
      <compileType>
        <cTool>
          <developmentMode>5</developmentMode>
        </cTool>
        <ccTool>
          <developmentMode>5</developmentMode>
        </ccTool>
        <fortranCompilerTool>
          <developmentMode>5</developmentMode>
        </fortranCompilerTool>
        <asmTool>
          <developmentMode>5</developmentMode>
        </asmTool>
      </compileType>
      <item path="AddPoly.cpp" ex="false" tool="1" flavor2="0">
      </item>
      <item path="AddPoly.h" ex="false" tool="3" flavor2="0">
      </item>
      <item path="AlgorithmCpp.cpp" ex="false" tool="1" flavor2="0">
      </item>
      <item path="ParserArgs.cpp" ex="false" tool="1" flavor2="0">
      </item>
      <item path="ParserArgs.h" ex="false" tool="3" flavor2="0">
      </item>
      <item path="ReadFile.cpp" ex="false" tool="1" flavor2="0">
      </item>
      <item path="ReadFile.h" ex="false" tool="3" flavor2="0">
      </item>
      <item path="SolveEquation.cpp" ex="false" tool="1" flavor2="0">
      </item>
      <item path="SolveEquation.h" ex="false" tool="3" flavor2="0">
      </item>
      <item path="longOptions.h" ex="false" tool="3" flavor2="0">
      </item>
    </conf>
  </confs>
</configurationDescriptor>
